Year,S_type,Score,new
2019,기혼스코어,14785,2.509334691
2019,유아자녀스코어,7627,1.294467074
2019,초등학생자녀스코어,5892,1
2019,중고생자녀스코어,5892,1
2019,대학생자녀스코어,6427,1.090801086
2019,전업주부스코어,11958,2.029531568
2020,기혼스코어,9790,2.549479167
2020,유아자녀스코어,4924,1.282291667
2020,초등학생자녀스코어,3840,1
2020,중고생자녀스코어,3840,1
2020,대학생자녀스코어,4205,1.095052083
2020,전업주부스코어,7686,2.0015625
