Year,S_type,Score,new
2019,기혼스코어,44664,3
2019,유아자녀스코어,17179,1.153882321
2019,초등학생자녀스코어,34307,2.304339065
2019,중고생자녀스코어,31155,2.092624933
2019,대학생자녀스코어,21689,1.456810854
2019,전업주부스코어,30849,2.072071467
2020,기혼스코어,27573,3
2020,유아자녀스코어,10760,1.170710478
2020,초등학생자녀스코어,19509,2.122619954
2020,중고생자녀스코어,19330,2.10314438
2020,대학생자녀스코어,13849,1.506800131
2020,전업주부스코어,18850,2.050919378
