Year,S_type,Score,new
2019,기혼스코어,15905,2.406566803
2019,유아자녀스코어,14943,2.261007717
2019,초등학생자녀스코어,14969,2.264941746
2019,중고생자녀스코어,10842,1.640490241
2019,대학생자녀스코어,6609,1
2019,전업주부스코어,14220,2.151611439
2020,기혼스코어,9299,2.405328505
2020,유아자녀스코어,8770,2.268494568
2020,초등학생자녀스코어,6464,1.672012416
2020,중고생자녀스코어,6215,1.607604759
2020,대학생자녀스코어,3866,1
2020,전업주부스코어,8129,2.102690119
