Year,S_type,Score,new
2019,기혼스코어,5732,2.39632107
2019,유아자녀스코어,5552,2.321070234
2019,초등학생자녀스코어,5436,2.272575251
2019,중고생자녀스코어,3867,1.616638796
2019,대학생자녀스코어,2392,1
2019,전업주부스코어,4961,2.073996656
2020,기혼스코어,5023,2.414903846
2020,유아자녀스코어,4815,2.314903846
2020,초등학생자녀스코어,3522,1.693269231
2020,중고생자녀스코어,3400,1.634615385
2020,대학생자녀스코어,2080,1
2020,전업주부스코어,4307,2.070673077
