Year,S_type,Score,new
2019,기혼스코어,7326,3
2019,유아자녀스코어,3140,1.285831286
2019,초등학생자녀스코어,5468,2.239148239
2019,중고생자녀스코어,5264,2.155610156
2019,대학생자녀스코어,3692,1.511875512
2019,전업주부스코어,4993,2.044635545
2020,기혼스코어,8130,3
2020,유아자녀스코어,3461,1.277121771
2020,초등학생자녀스코어,4962,1.83099631
2020,중고생자녀스코어,5814,2.145387454
2020,대학생자녀스코어,4149,1.53099631
2020,전업주부스코어,5516,2.035424354
