Year,S_type,Score,new
2019,기혼스코어,1703,1.853101197
2019,유아자녀스코어,1665,1.811751904
2019,초등학생자녀스코어,919,1
2019,중고생자녀스코어,919,1
2019,대학생자녀스코어,940,1.022850925
2019,전업주부스코어,1828,1.989118607
2020,기혼스코어,1275,2.069805195
2020,유아자녀스코어,1032,1.675324675
2020,초등학생자녀스코어,616,1
2020,중고생자녀스코어,616,1
2020,대학생자녀스코어,657,1.066558442
2020,전업주부스코어,1220,1.980519481
