Year,S_type,Score,new
2019,기혼스코어,12705,2.570301436
2019,유아자녀스코어,5746,1.162451952
2019,초등학생자녀스코어,4943,1
2019,중고생자녀스코어,4943,1
2019,대학생자녀스코어,5101,1.031964394
2019,전업주부스코어,4943,1
2020,기혼스코어,8402,2.591610117
2020,유아자녀스코어,3809,1.174892042
2020,초등학생자녀스코어,3242,1
2020,중고생자녀스코어,3242,1
2020,대학생자녀스코어,3377,1.041640962
2020,전업주부스코어,3242,1
