Year,S_type,Score,new
2019,기혼스코어,14959,2.41313115
2019,유아자녀스코어,13103,2.113728021
2019,초등학생자녀스코어,14192,2.289401516
2019,중고생자녀스코어,10224,1.649298274
2019,대학생자녀스코어,6199,1
2019,전업주부스코어,6199,1
2020,기혼스코어,8954,2.410228802
2020,유아자녀스코어,7758,2.088290713
2020,초등학생자녀스코어,6945,1.869448183
2020,중고생자녀스코어,6090,1.639300135
2020,대학생자녀스코어,3715,1
2020,전업주부스코어,3715,1
