Year,S_type,Score,new
2019,기혼스코어,40218,3
2019,유아자녀스코어,17139,1.278457407
2019,초등학생자녀스코어,30638,2.285394599
2019,중고생자녀스코어,28293,2.110472923
2019,대학생자녀스코어,18070,1.347903924
2019,전업주부스코어,13406,1
2020,기혼스코어,26535,3
2020,유아자녀스코어,11319,1.279706049
2020,초등학생자녀스코어,17695,2.000565291
2020,중고생자녀스코어,18715,2.115884681
2020,대학생자녀스코어,12027,1.359751272
2020,전업주부스코어,8845,1
