Year,S_type,Score,new
2019,기혼스코어,2631,2.486767486
2019,유아자녀스코어,2317,2.189981096
2019,초등학생자녀스코어,2410,2.277882798
2019,중고생자녀스코어,1747,1.651228733
2019,대학생자녀스코어,1058,1
2019,전업주부스코어,1058,1
2020,기혼스코어,1945,2.462025316
2020,유아자녀스코어,1669,2.112658228
2020,초등학생자녀스코어,1441,1.824050633
2020,중고생자녀스코어,1339,1.694936709
2020,대학생자녀스코어,790,1
2020,전업주부스코어,790,1
