Year,S_type,Score,new
2019,기혼스코어,3672,3
2019,유아자녀스코어,1811,1.479575163
2019,초등학생자녀스코어,2801,2.288398693
2019,중고생자녀스코어,2677,2.187091503
2019,대학생자녀스코어,1749,1.428921569
2019,전업주부스코어,1224,1
2020,기혼스코어,3975,3
2020,유아자녀스코어,1908,1.44
2020,초등학생자녀스코어,2307,1.741132075
2020,중고생자녀스코어,2875,2.169811321
2020,대학생자녀스코어,1908,1.44
2020,전업주부스코어,1325,1
