Year,S_type,Score,new
2019,기혼스코어,638,1.939209726
2019,유아자녀스코어,458,1.392097264
2019,초등학생자녀스코어,329,1
2019,중고생자녀스코어,329,1
2019,대학생자녀스코어,346,1.051671733
2019,전업주부스코어,329,1
2020,기혼스코어,544,2.324786325
2020,유아자녀스코어,313,1.337606838
2020,초등학생자녀스코어,234,1
2020,중고생자녀스코어,234,1
2020,대학생자녀스코어,255,1.08974359
2020,전업주부스코어,234,1
