Year,S_type,Score,new
2019,기혼,214659,71553
2019,유아자녀,207201,69067
2019,초등학생자녀,193345,64448.33333
2019,중고생자녀,145982,48660.66667
2019,대학생자녀,102692,34230.66667
2019,전업주부,161214,53738
2020,기혼,177857,59285.66667
2020,유아자녀,172128,57376
2020,초등학생자녀,133318,44439.33333
2020,중고생자녀,120140,40046.66667
2020,대학생자녀,84324,28108
2020,전업주부,131410,43803.33333
