Year,S_type,Score,new
2019,기혼,246009,82003
2019,유아자녀,85536,28512
2019,초등학생자녀,189823,63274.33333
2019,중고생자녀,171427,57142.33333
2019,대학생자녀,127377,42459
2019,전업주부,124818,41606
2020,기혼,222804,74268
2020,유아자녀,77524,25841.33333
2020,초등학생자녀,163524,54508
2020,중고생자녀,154596,51532
2020,대학생자녀,116974,38991.33333
2020,전업주부,111720,37240
